subject_code,subject_name,date,time
ICT 2213,Data Structures and Algorithms,2026-10-10,9:00 AM - 12:00 PM
ICT 2223,Software Engineering,2026-10-12,9:00 AM - 12:00 PM
ICT 2233,Operating Systems,2026-10-15,1:00 PM - 4:00 PM
ICT 2243,Database Systems,2026-10-18,9:00 AM - 12:00 PM
ICT 2253,Computer Networks,2026-10-20,1:00 PM - 4:00 PM
ICT 2263,Web Application Development,2026-10-22,9:00 AM - 12:00 PM
CSC 2113,Discrete Mathematics,2026-10-10,1:00 PM - 4:00 PM
CSC 2123,Object Oriented Programming,2026-10-13,9:00 AM - 12:00 PM
CSC 2133,Computer Architecture,2026-10-16,1:00 PM - 4:00 PM
CSC 2143,Theory of Computation,2026-10-19,9:00 AM - 12:00 PM
MAT 2113,Linear Algebra,2026-10-11,9:00 AM - 12:00 PM
MAT 2123,Probability and Statistics,2026-10-14,1:00 PM - 4:00 PM
MAT 2133,Numerical Methods,2026-10-17,9:00 AM - 12:00 PM
ENG 2113,Technical Writing,2026-10-21,1:00 PM - 3:00 PM
MGT 2113,Principles of Management,2026-10-23,9:00 AM - 11:00 AM
MGT 2123,Accounting for IT,2026-10-24,1:00 PM - 4:00 PM
